Country,Year,PlasticEmittedPerCapita
Africa,2019,0.059822761
Asia,2019,0.172404698
Europe,2019,0.007805317
North America,2019,0.120204257
Oceania,2019,0.086189708
World,2019,0.126980239
